# 1
INSERT INTO PERSON VALUES('Ethan', 'Evans', 00001, 21, 'M', '903 Haggard', NULL, 'Plano', 'TX', 75080);
INSERT INTO PERSON VALUES('Camryn', 'Rogers', 00002, 21, 'M', '903 Haggard', NULL, 'Plano', 'TX', 75080);
INSERT INTO PERSON VALUES('Rob', 'Rogers', 00003, 21, 'M', '903 Haggard', NULL, 'Plano', 'TX', 75080);
INSERT INTO PERSON VALUES('Helen', 'Lee', 00004, 21, 'M', '903 Haggard', NULL, 'Plano', 'TX', 75080);
INSERT INTO PERSON VALUES('Erica', 'Rogers', 00005, 21, 'M', '903 Haggard', NULL, 'Plano', 'TX', 75080);
INSERT INTO PERSON VALUES('Hellen', 'Cole', 00006, 21, 'M', '903 Haggard', NULL, 'Plano', 'TX', 75080);
INSERT INTO PERSON VALUES('Customer', 'One', 00007, 21, 'M', '903 Haggard', NULL, 'Plano', 'TX', 75080);

# 2
INSERT INTO CUSTOMER VALUES(00007, 00002);

# 3
INSERT INTO APPLICANT VALUES(00006, 'hellen@gmail.com');
INSERT INTO APPLICANT VALUES(00005, 'erica@gmail.com');
INSERT INTO APPLICANT VALUES(00004, 'helen@gmail.com');
INSERT INTO APPLICANT VALUES(00003, 'rob@gmail.com');

# 4
INSERT INTO CURR_DEPT VALUES(30000, 00001, 'N');
INSERT INTO CURR_DEPT VALUES(20000, 00001, 'N');
INSERT INTO CURR_DEPT VALUES(10000, 00001, 'Y');
INSERT INTO CURR_DEPT VALUES(10000, 00002, 'Y');
INSERT INTO CURR_DEPT VALUES(10000, 00003, 'Y');
INSERT INTO CURR_DEPT VALUES(30000, 00004, 'Y');

# 5
INSERT INTO JOB VALUES(11111, 10000, 'Senior Salesman', '2011-01-22');
INSERT INTO JOB VALUES(22222, 10000, 'Senior Salesman', '2011-01-23');
INSERT INTO JOB VALUES(33333, 10000, 'Senior Salesman', '2011-01-24');
INSERT INTO JOB VALUES(44444, 20000, 'Database Engineer', '2012-04-24');
INSERT INTO JOB VALUES(55555, 30000, 'Data Analytics Team Lead', '2012-04-24');
INSERT INTO JOB VALUES(12345, 30000, 'Data Analytics Senior Management', '2012-04-24');
 
# 6
INSERT INTO DEPARMTENT VALUES(10000,'Marketing');
INSERT INTO DEPARMTENT VALUES(20000,'Engineering');
INSERT INTO DEPARMTENT VALUES(30000,'Analytics');

# 7
INSERT INTO EMPLOYEE VALUES(00001, 'Supervisor');
INSERT INTO EMPLOYEE VALUES(00002, 'Senior Employee');
INSERT INTO EMPLOYEE VALUES(00003, 'Employee');
INSERT INTO EMPLOYEE VALUES(00004, 'Employee');

# 8

INSERT INTO INTERVIEW VALUES(11111, 00006, 1, 00002 ,80, TO_TIMESTAMP('2011-01-23 00:00:01', 'YYYY-MM-DD HH:MM:SS'));
INSERT INTO INTERVIEW VALUES(11111, 00006, 2, 00003 ,90, TO_TIMESTAMP('2011-01-24 00:00:01', 'YYYY-MM-DD HH24:MI:SS'));
INSERT INTO INTERVIEW VALUES(11111, 00006, 3, 00002 ,90, TO_TIMESTAMP('2011-01-25 00:00:01', 'YYYY-MM-DD HH24:MI:SS'));
INSERT INTO INTERVIEW VALUES(11111, 00006, 4, 00003 ,80, TO_TIMESTAMP('2011-01-26 00:00:01', 'YYYY-MM-DD HH24:MI:SS'));
INSERT INTO INTERVIEW VALUES(11111, 00006, 5, 00002 ,90, TO_TIMESTAMP('2011-01-27 00:00:01', 'YYYY-MM-DD HH24:MI:SS'));
INSERT INTO INTERVIEW VALUES(22222, 00005, 1, 00002 ,60, TO_TIMESTAMP('2011-01-23 00:00:01', 'YYYY-MM-DD HH24:MI:SS'));
INSERT INTO INTERVIEW VALUES(22222, 00005, 2, 00002 ,60, TO_TIMESTAMP('2011-01-24 00:00:01', 'YYYY-MM-DD HH24:MI:SS'));
INSERT INTO INTERVIEW VALUES(22222, 00005, 3, 00002 ,60, TO_TIMESTAMP('2011-01-25 00:00:01', 'YYYY-MM-DD HH24:MI:SS'));
INSERT INTO INTERVIEW VALUES(22222, 00005, 4, 00002 ,60, TO_TIMESTAMP('2011-01-26 00:00:01', 'YYYY-MM-DD HH24:MI:SS'));
INSERT INTO INTERVIEW VALUES(22222, 00005, 5, 00002 ,60, TO_TIMESTAMP('2011-01-27 00:00:01', 'YYYY-MM-DD HH24:MI:SS'));
INSERT INTO INTERVIEW VALUES(44444, 00004, 1, 00002 ,90, TO_TIMESTAMP('2012-04-30 00:00:01', 'YYYY-MM-DD HH24:MI:SS'));
INSERT INTO INTERVIEW VALUES(44444, 00004, 2, 00002 ,90, TO_TIMESTAMP('2012-05-01 00:00:01', 'YYYY-MM-DD HH24:MI:SS'));
INSERT INTO INTERVIEW VALUES(44444, 00004, 3, 00002 ,90, TO_TIMESTAMP('2012-05-05 00:00:01', 'YYYY-MM-DD HH24:MI:SS'));
INSERT INTO INTERVIEW VALUES(44444, 00004, 4, 00002 ,90, TO_TIMESTAMP('2012-05-10 00:00:01', 'YYYY-MM-DD HH24:MI:SS'));
INSERT INTO INTERVIEW VALUES(44444, 00004, 5, 00002 ,90, TO_TIMESTAMP('2012-05-15 00:00:01', 'YYYY-MM-DD HH24:MI:SS'));
INSERT INTO INTERVIEW VALUES(12345, 00003, 1, 00002 ,90, TO_TIMESTAMP('2012-05-15 00:00:01', 'YYYY-MM-DD HH24:MI:SS'));
INSERT INTO INTERVIEW VALUES(22222, 00006, 1, 00002 ,80, TO_DATE('2012-04-24','YYYY-MM-DD'));

# 9
INSERT INTO MONTHLY_SALARY VALUES(123451234512345, 00001,TO_DATE('2012-04-24','YYYY-MM-DD'), 100000.00);
INSERT INTO MONTHLY_SALARY VALUES(123451234512346, 00001,TO_DATE('2012-05-24','YYYY-MM-DD'), 100000.00);
INSERT INTO MONTHLY_SALARY VALUES(123451234512347, 00001,TO_DATE('2012-06-24','YYYY-MM-DD'), 100000.00);
INSERT INTO MONTHLY_SALARY VALUES(123451234512345, 00002,TO_DATE('2012-04-24','YYYY-MM-DD'), 20000.00);
INSERT INTO MONTHLY_SALARY VALUES(123451234512346, 00002,TO_DATE('2012-05-24','YYYY-MM-DD'), 20000.00);
INSERT INTO MONTHLY_SALARY VALUES(123451234512347, 00002,TO_DATE('2012-06-24','YYYY-MM-DD'), 20000.00);
INSERT INTO MONTHLY_SALARY VALUES(123451234512345, 00003,TO_DATE('2012-06-24','YYYY-MM-DD'), 30000.00);
INSERT INTO MONTHLY_SALARY VALUES(123451234512346, 00003,TO_DATE('2012-06-24','YYYY-MM-DD'), 30000.00);
INSERT INTO MONTHLY_SALARY VALUES(123451234512347, 00003,TO_DATE('2012-06-24','YYYY-MM-DD'), 30000.00);
INSERT INTO MONTHLY_SALARY VALUES(123451234512345, 00004,TO_DATE('2012-06-24','YYYY-MM-DD'), 40000.00);
INSERT INTO MONTHLY_SALARY VALUES(123451234512346, 00004,TO_DATE('2012-06-24','YYYY-MM-DD'), 40000.00);
INSERT INTO MONTHLY_SALARY VALUES(123451234512347, 00004,TO_DATE('2012-06-24','YYYY-MM-DD'), 40000.00);

# 10
INSERT INTO PARTS VALUES(00111, 'Cup', 1.00, 2.00);
INSERT INTO PARTS VALUES(00222, 'Cup', 0.99, 2.00);
INSERT INTO PARTS VALUES(00333, 'Cup', 0.98, 5.00);
INSERT INTO PARTS VALUES(00222, 'Handle', 0.98, 1.00);
INSERT INTO PARTS VALUES(00111, 'Oven', 100.00, 100.00);
INSERT INTO PARTS VALUES(00111, 'Grill', 200.00, 200.00);

# 13
INSERT INTO PROD_PARTS VALUES(50000, 00222, 'Cup', 1);
INSERT INTO PROD_PARTS VALUES(50000, 00222, 'Handle', 1);
INSERT INTO PROD_PARTS VALUES(60000, 00111, 'Oven', 1);
INSERT INTO PROD_PARTS VALUES(70000, 00111, 'Grill', 1);

# 14
INSERT INTO PRODUCT VALUES(50000, 'Laddle', 'SM', 'Steel', 2.50, 7.99);
INSERT INTO PRODUCT VALUES(60000, 'Oven', 'XL', 'Steel', 1050.50, 499.99);
INSERT INTO PRODUCT VALUES(70000, 'Grill', 'XL', 'Steel', 1050.50, 799.99);

# 15
INSERT INTO SELLS VALUES(50000,TO_TIMESTAMP('2011-03-30 00:00:01', 'YYYY-MM-DD HH24:MI:SS'), 00002, 00007, 10001);
INSERT INTO SELLS VALUES(50000,TO_TIMESTAMP('2012-03-30 00:00:01', 'YYYY-MM-DD HH24:MI:SS'), 00002, 00007, 20002);
INSERT INTO SELLS VALUES(60000,TO_TIMESTAMP('2012-03-30 00:00:01', 'YYYY-MM-DD HH24:MI:SS'), 00003, 00007, 20002);
INSERT INTO SELLS VALUES(70000,TO_TIMESTAMP('2012-03-30 00:00:01', 'YYYY-MM-DD HH24:MI:SS'), 00003, 00007, 20002);
INSERT INTO SELLS VALUES(60000,TO_TIMESTAMP('2012-03-30 00:00:01', 00002, 00007, 20002);

# 16
INSERT INTO SHIFT VALUES();

# 17
INSERT INTO SITE VALUES(10001, 'Houston', 'Marketing');
INSERT INTO SITE VALUES(20002, 'Austin', 'Marketing');
INSERT INTO SITE VALUES(30003, 'Dallas', 'Marketing');
INSERT INTO SITE VALUES(40004, 'El Paso', 'Engineering');

# 18
INSERT INTO SUPERVISOR VALUES(00001);

# 19
INSERT INTO VENDOR VALUES(00111, 'www.vendor1.com', 123451234512345, 111111111111111, '1234 Wendor Way, TX', 'Walmart');
INSERT INTO VENDOR VALUES(00222, 'www.vendor2.com', 123451234512345, 111111111111111, '1234 Wendor Way, TX', 'Wallymart');
INSERT INTO VENDOR VALUES(00333, 'www.vendor3.com', 123451234512345, 111111111111111, '1234 Wendor Way, TX', 'Wahmaht');

# 11
INSERT INTO PHONE_NUM VALUES(00002, 4797395954);
INSERT INTO PHONE_NUM VALUES(00003, 4312348476);
INSERT INTO PHONE_NUM VALUES(00004, 5463458675);
INSERT INTO PHONE_NUM VALUES(00005, 6357568799);
INSERT INTO PHONE_NUM VALUES(00006, 7459863456);

# 12
INSERT INTO POTENTIAL_EMPLOYEE VALUES(00005);
INSERT INTO POTENTIAL_EMPLOYEE VALUES(00006);






